doc_id	role
1998/ccpr/c/sr_1700	seed
1999/a/c_5/53/sr_48	seed
2012/td/497	seed
2006/e/cn_4/2006/22	seed
2014/npt/conf_2015/pc_iii/wp_34	seed
2002/s/2002/648	seed
2013/a/68/172	seed
2006/a/60/748	seed
2011/s/2011/741	seed
2014/a/hrc/26/29	seed
2011/a/ac_183/sr_330	seed
1999/a/54/311	seed
1999/e/cn_4/2000/19	seed
2013/a/68/173	seed
2012/a/c_3/66/sr_40	seed
2008/a/63/204	seed
2006/s/2006/54	seed
2012/a/c_4/67/sr_18	seed
2008/s/ac_50/2007/57/add_1	seed
2006/s/res/1711_2006_	seed
2010/e/2010/59	seed
2007/a/61/812	seed
2013/npt/conf_2015/pc_ii/wp_1	seed
2004/s/res/1556_2004_	seed
2004/a/59/503/add_1	seed
2005/e/cn_4/2005/22	seed
2011/a/65/920	seed
2004/s/2004/156	seed
2011/s/2011/73	seed
1998/e/1998/96	seed
2006/a/60/478/add_1	seed
2007/a/c_5/62/sr_2	seed
2011/a/res/65/245	seed
2003/e/cn_4/2003/65/add_4	seed
2008/s/2008/267	seed
2008/e/cn_5/2009/ngo/7	seed
2013/a/c_4/68/sr_23	seed
2005/s/2005/671	seed
2011/a/hrc/18/32/add_2	seed
2014/a/hrc/25/g/14	seed
2005/a/c_3/60/sr_46	seed
2005/cedaw/c/sr_697	seed
2014/a/c_6/68/sr_29	seed
2009/e/c_2/2010/2/add_15	seed
2014/a/69/416	seed
2005/a/59/826	seed
2010/a/ac_109/2010/10	seed
2004/a/59/514	seed
2004/e/cn_4/2005/6/add_4	seed
2000/a/c_2/55/sr_15	seed
2013/a/res/68/21	seed
2005/a/res/60/253	seed
2010/fccc/sbi/2010/24	seed
2006/a/res/61/9	seed
2013/cat/op/mda/2	seed
2011/a/66/145	seed
2001/a/55/744	seed
2008/journal_no_2008/238	seed
2004/a/58/856/corr_1	seed
2013/ccm/msp/2013/1	seed
2014/a/ac_96/1143	seed
2012/s/res/2037_2012_	seed
2004/a/cn_9/ser_c/digest/cisg/88	seed
2007/a/62/6_sect_13_/add_1	seed
2006/a/61/25_supp_	seed
2011/a/66/80	seed
2009/npt/conf_2010/pc_iii/wp_31	seed
2009/e/cn_9/2009/ngo/8	seed
2003/a/58/515	seed
2014/crc/c/66/2	seed
2013/aplc/msp_13/2013/wp_17	seed
2000/e/cn_4/2000/9/add_5	seed
2005/s/2005/584	seed
2012/a/67/64	seed
2004/a/ac_259/12	seed
2010/cac/cosp/wg_4/2010/5	seed
1996/a/51/23_partvi_	seed
2003/a/c_1/58/pv_10	seed
1998/ccpr/c/sr_1697/add_1	seed
2007/s/2007/210	seed
1993/s/res/851_1993_	seed
2003/cedaw/c/sr_585	seed
2000/ccpr/c/sr_1800	seed
2011/cedaw/c/bhs/q/5	seed
2012/a/67/395	seed
2013/a/res/67/132	seed
2014/a/hrc/27/52/add_1	seed
2010/a/res/64/228	seed
2002/isba/8/c/7	seed
2004/hri/tbfu/2003/syr/2	seed
2006/a/c_2/61/sr_8	seed
1997/a/52/468	seed
2007/e/cn_7/2008/8	seed
2014/splos/265	seed
2008/a/c_6/63/sr_19	seed
1996/a/50/572/add_1	seed
2007/e/2008/6	seed
2014/splos/277	seed
1997/a/c_3/52/sr_17	seed
2006/ccw/conf_iii/wp_9	seed
2001/a/conf_192/pc/sr_20	seed
2002/s/2002/1111	seed
2014/s/2014/391	seed
2012/a/c_5/67/1	seed
2012/e/c_2/2012/2/add_32	seed
2009/a/c_6/64/sr_12	seed
2003/a/57/416/add_2	seed
2001/gc_9/1	seed
2000/pcnicc/2000/wgfirr/l_1	seed
2002/cd/1678	seed
2005/s/2005/463	seed
2007/a/61/903	seed
2000/splos/60	seed
2004/a/c_3/57/sr_18	seed
2014/a/c_3/69/sr_22	seed
2001/cedaw/c/sr_483	seed
2011/e/2011/15/add_2	seed
2000/a/c_5/54/sr_47	seed
2011/a/ac_96/1100/add_1	seed
2006/unep/chw_8/1	seed
2003/a/res/57/189	seed
2004/a/59/142	seed
2006/a/60/643/corr_2	seed
2012/a/66/830	seed
2010/e/2011/5	seed
2010/a/65/252	seed
2011/a/c_2/66/1	seed
2013/a/ac_96/1130	seed
2004/npt/conf_2005/pc_iii/37	seed
2008/a/63/379	seed
2013/s/ac_44/2013/1	seed
2002/e/cn_3/2003/5	seed
1997/a/c_2/52/sr_40	seed
2006/ccpr/c/sr_2403	seed
1999/s/1999/246	seed
2008/unep/gc_25/10	seed
2013/ccpr/c/107/d/1921/2009	seed
2012/a/hrc/22/49	seed
2002/a/cn_9/511	seed
1999/a/ac_254/5/add_10	seed
2000/s/2000/1003	seed
2006/s/2006/12	seed
2006/dp/2006/17/add_1	seed
1998/a/c_3/53/sr_29	seed
2013/a/res/67/143	seed
2003/s/ac_37/2003/_1455_/1	seed
2014/e/cn_6/2015/ngo/219	seed
2013/dp/2013/18	seed
2011/a/66/86	seed
2012/a/67/189	seed
2002/a/res/56/231	seed
2009/e/c_2/2009/2/add_36	seed
2001/s/2001/747	seed
2012/a/c_3/66/sr_37	seed
2013/bwc/msp/2013/mx/inf_2	seed
2007/cedaw/c/jor/co/4	seed
2010/a/65/50	seed
2011/a/c_5/66/sr_8	seed
1996/a/c_6/51/sr_21	seed
2013/s/2013/10/add_27	seed
1996/e/1996/65	seed
2011/a/cn_4/641	seed
2005/s/2005/93	seed
2010/a/hrc/13/ni/8	seed
2005/e/cn_4/2005/g/30	seed
2011/s/2011/29	seed
2005/s/2005/716	seed
2013/e/cn_5/2014/ngo/7	seed
1996/a/50/861/add_2	seed
2014/a/68/782/add_18	seed
2009/e/icef/2009/11	seed
2011/a/66/155/add_1	seed
1999/s/1999/1015	seed
2014/a/69/251	seed
2006/e/cn_4/2006/80/add_1	seed
2011/e/ac_51/2011/3	seed
2011/e/cn_15/2011/8	seed
2012/hri/core/tza/2012	seed
2011/a/c_4/66/sr_1	seed
2012/a/c_2/66/sr_15	seed
2006/cedaw/c/sr_732	seed
2013/e/cn_3/2014/26	seed
2004/a/c_6/58/sr_21	seed
2002/s/2002/615	seed
2009/cedaw/c/yem/co/6	seed
2004/a/res/59/16	seed
2007/cd/1817	seed
1994/a/49/349	seed
2014/unw/2014/4	seed
2002/a/57/329	seed
2013/s/2013/773	seed
2001/td/jute_4/3	seed
2006/a/es_10/348	seed
2010/td/b/ex_51_/2	seed
2007/iccd/cric_6_/4	seed
2000/iccd/cop_4_/3/add_7	seed
2003/s/2003/260	seed
2008/e/eca/coe/27/12a	seed
2009/pbc/3/oc/sr_6	seed
2011/a/hrc/17/17/add_1	seed
2012/a/66/886	seed
2008/a/res/62/262	seed
1999/s/1999/157	seed
2012/e/cn_3/2013/19	seed
2007/a/62/382	seed
1995/a/c_2/50/1	seed
2013/a/hrc/wgad/2013/8	seed
2014/s/ac_44/2014/9	seed
2005/a/c_2/59/sr_33	seed
2002/a/res/56/251b	seed
2012/ccpr/c/104/d/1789/2008	seed
1994/a/ac_183/pv_210	seed
2005/s/2005/135	seed
2003/a/res/57/171	seed
2007/a/cn_9/ser_c/abstracts/69	seed
2007/e/c_19/2007/3/add_7	seed
2011/a/c_6/66/sr_14	seed
2012/a/67/682	seed
2012/a/67/313	seed
2005/a/c_5/59/sr_47	seed
2001/s/2001/503	seed
1995/a/c_6/50/sr_24	seed
2014/a/69/544	seed
2007/a/c_4/62/sr_15	seed
2012/s/2012/7	seed
2014/a/68/981	seed
2009/a/64/339	seed
2001/a/conf_192/pc/64	seed
2008/a/ac_105/907/add_2	seed
1997/a/c_6/51/sr_5	seed
2003/a/58/pv_62	seed
2005/journal_no_2005/221	seed
2008/s/2008/215	seed
2010/s/2010/333	seed
2004/npt/conf_2005/pc_iii/25	seed
2011/a/66/251	seed
2008/a/63/278	seed
2014/a/69/367	seed
1996/s/1996/67	seed
2009/s/2009/490	seed
2009/a/res/63/296	seed
2001/gc_9/6	seed
2013/a/68/423	seed
2012/a/res/66/280	seed
2009/a/hrc/10/78/add_1	seed
2010/a/hrc/14/32/add_3	seed
2010/a/hrc/16/37	seed
2007/s/2007/427	seed
2007/a/61/975	seed
2005/a/c_3/59/sr_50	seed
2001/ccpr/c/sr_1963	seed
2009/a/c_4/64/sr_2	seed
2004/s/2004/53	seed
2012/e/icef/2012/17	seed
2002/unep/gc/22/2/add_3	seed
2004/e/cn_6/2004/ngo/15	seed
2012/a/67/185	seed
2001/e/cn_5/2001/ngo/2	seed
2014/ccm/msp/2014/wp_2	seed
2012/a/hrc/ac/10/1/add_1	seed
2013/a/res/68/92	seed
2005/a/60/114	seed
2013/a/res/68/137	seed
2013/ccw/p_v/conf/2013/4	seed
2005/a/c_5/60/sr_4	seed
2008/iccd/cric_7_/3/add_4	seed
2004/ctoc/cop/2004/4	seed
2011/a/ac_172/2011/1	seed
2012/e/cn_6/2013/ngo/147	seed
2005/s/2005/663	seed
2005/a/60/397	seed
2012/a/hrc/wgad/2011/4	seed
2005/s/2005/791	seed
2008/a/hrc/7/g/13	seed
2013/isba/19/a/4	seed
2001/a/ac_261/ipm/21	seed
2004/journal_no__2004/237	seed
1995/ccpr/c/sr_1426	seed
2002/a/res/56/251	seed
2008/a/63/667	seed
2010/a/64/pv_103	seed
2006/s/2006/640	seed
2005/e/c_12/2005/4	seed
2013/a/67/765	seed
2008/s/2008/528	seed
2004/a/59/564	seed
2010/td/b/ex_49_/1	seed
1993/a/ac_109/1147	seed
2013/a/res/67/148	seed
1996/a/51/131	seed
2008/a/63/498	seed
2014/a/69/595	seed
2005/a/res/60/114	seed
2002/a/inf/57/3/rev_2	seed
2013/td/b/60/4	seed
2011/cedaw/c/bgr/q/4_7	seed
2014/a/hrc/wg_10/3/2	seed
2012/e/c_2/2012/2/add_31	seed
2011/crc/c/fin/co/4	seed
2007/iccd/cop_8_/11	seed
2014/a/69/482	seed
2011/a/c_2/66/5	seed
2013/a/68/428	seed
2006/s/2006/1050	seed
2009/e/cn_3/2010/27	seed
2004/a/59/194	seed
2011/a/hrc/18/ni/3	seed
2010/a/64/743	seed
2010/e/2010/15	seed
2010/a/hrc/14/8/add_1	seed
2013/a/67/522/add_1	seed
2012/crc/c/tgo/co/3_4	seed
2004/s/ac_44/2004/_02_/48	seed
2014/s/2014/10/add_14	seed
2008/a/c_2/63/sr_12	seed
2002/a/56/pv_106	seed
2007/a/hrc/4/24	seed
2009/a/63/678	seed
2009/a/c_6/64/sr_3	seed
2012/ctoc/cop/2012/9	seed
2011/a/hrc/18/19	seed
2002/a/c_5/57/14	seed
2011/s/2011/50	seed
2014/npt/conf_2015/pc_iii/sr_17	seed
1994/e/1994/67	seed
2007/e/cn_17/2007/9	seed
2013/s/2013/614	seed
2007/a/61/893	seed
2009/hsp/gc/22/5/add_1	seed
2005/e/cn_9/2006/1	seed
1996/a/c_2/50/sr_39	seed
2000/a/ac_198/2000/10	seed
2007/a/62/115/add_1	seed
2011/a/res/65/225	seed
2014/a/c_3/69/sr_46	seed
2007/a/res/62/177	seed
1997/a/52/400	seed
2006/a/61/452	seed
2002/a/ac_261/3/rev_2	seed
2004/a/res/59/36	seed
1999/s/res/1264_1999_	seed
2008/a/cn_9/658/add_11	seed
2014/e/cn_6/2015/ngo/225	seed
2014/a/69/112	seed
1995/s/res/1011_1995_	seed
2007/s/2007/10/add_11	seed
2003/e/cn_7/2003/16	seed
2008/a/conf_211/pc_3/5	seed
2012/e/2012/10	seed
2007/ccpr/c/sr_2499	seed
2005/s/ac_44/2004/_02_/95	seed
2012/e/2012/15/add_2	seed
2005/a/59/pv_81	seed
2014/e/cn_6/2015/ngo/121	seed
1993/a/47/983	seed
2004/s/prst/2004/16	seed
2004/s/2004/571	seed
2010/cedaw/c/ita/q/6	seed
2014/isba/20/c/32	seed
2005/a/59/19/add_1	seed
2014/a/hrc/27/26	seed
2005/a/59/pv_117	seed
2014/a/hrc/27/30	seed
2012/s/2012/239	seed
1997/a/ac_105/683	seed
2010/a/hrc/s_13/2	seed
2004/a/c_3/58/sr_56	seed
2014/a/hrc/25/g/7	seed
2014/a/68/944	seed
2008/journal_no_2008/249	seed
2009/ccpr/c/sr_2656	seed
2003/a/res/58/306	seed
2006/e/c_2/2007/2/add_13	seed
2008/cedaw/c/sr_863_a_	seed
2004/a/res/59/254	seed
2014/cedaw/c/58/4	seed
2010/isba/16/c/3	seed
2008/e/2008/50	seed
1996/a/c_5/51/sr_31	seed
2006/a/c_3/61/sr_45	seed
2013/a/res/67/223	seed
2003/s/ac_37/2003/_1455_/68	seed
2011/dp/ops/2012/2	seed
2005/a/res/60/275	seed
2006/cedaw/c/2007/i/1	seed
2003/a/c_6/58/sr_18	seed
2009/a/res/63/290	seed
2008/s/2008/486	seed
2014/e/cn_9/2014/2	seed
2005/journal_no_2005/249	seed
2012/s/2012/10/add_13	seed
2014/a/69/454	seed
2013/a/68/594	seed
2003/iccd/cop_6_/cst/4	seed
2007/a/62/171	seed
1995/a/50/567	seed
1995/e/cn_4/1995/26	seed
2005/td/b/52/6	seed
2012/gc_14/sr_5	seed
2001/a/conf_192/pc/32	seed
2001/a/c_3/55/sr_54	seed
2011/a/66/415	seed
2013/s/2013/650	seed
2012/a/hrc/19/13/add_1	seed
2005/gc_11/sr_1	seed
2004/a/conf_207/inf/1	seed
1993/a/48/277	seed
2007/a/c_5/62/sr_14	seed
2003/npt/conf_2005/pc_ii/6	seed
2003/s/2003/863	seed
2012/unep/chw_11/10/add_1	seed
2009/cd/pv_1144	seed
2004/a/59/6_prog_10_	seed
2005/e/icef/2006/6	seed
2003/e/c_19/2003/11	seed
2005/a/60/427	seed
2008/a/62/744	seed
2009/cedaw/c/sr_858_a_	seed
2012/a/hrc/21/13/add_1	seed
2009/a/res/63/155	seed
1994/ccpr/c/sr_1363	seed
2007/a/62/439	seed
2014/a/c_3/69/l_52	seed
2006/s/2006/607	seed
1998/a/c_2/53/sr_19	seed
2008/e/eca/c0e/27/14	seed
2011/crpd/csp/2011/sr_2	seed
2009/a/c_2/63/sr_27	seed
2011/e/cn_3/2012/11	seed
2000/a/55/23_partiii_	seed
2004/a/59/360	seed
2011/a/65/779	seed
1996/a/c_5/51/sr_23	seed
2010/s/2010/5	seed
2007/e/cn_9/2007/7	seed
2011/a/66/545	seed
2014/a/hrc/wg_13/2/2	seed
2014/fccc/sbi/2014/13	seed
2013/fccc/kp/cmp/2013/2	seed
1999/a/ac_254/13	seed
2005/a/60/308	seed
1997/a/c_6/52/sr_7	seed
1996/a/c_3/51/sr_6	seed
2014/journal_no_2014/229	seed
2005/a/60/352	seed
2010/npt/conf_2010/31	seed
2008/a/c_5/63/20	seed
2006/a/61/398	seed
2014/unep/pops/cop_7/10	seed
2010/fccc/sbi/2010/25	seed
2003/a/res/58/253	seed
2011/a/66/374	seed
2005/a/cn_9/578/add_10	seed
2009/iccd/cop_9_/13	seed
1996/a/50/1004	seed
2014/a/hrc/wgad/2014/37	seed
2013/e/cn_6/2014/ngo/69	seed
2006/s/ac_44/2004/_02_/129	seed
2013/a/c_2/67/sr_22	seed
2014/a/69/l_11/rev_1	seed
1997/dp/1997/16/add_1_partiii_	seed
2011/a/res/65/301	seed
2003/a/57/832	seed
2006/a/61/6_prog_12_	seed
2014/a/69/330	seed
2012/a/67/383	seed
2013/s/2013/580	seed
2005/a/60/480	seed
2011/a/66/191	seed
2010/a/hrc/14/ni/8	seed
2011/ccpr/c/sr_2782	seed
2009/e/eca/coe/28/9	seed
2003/s/2003/491	seed
2014/a/c_2/69/4	seed
2003/a/ac_159/sr_450	seed
2012/isba/18/fc/5	seed
2012/a/66/53/add_2	seed
2009/ctoc/cop/wg_2/2009/4	seed
2014/a/69/296	seed
2011/s/2011/232	seed
2002/e/cn_4/2002/18/add_1	seed
2003/s/2003/342	seed
2012/e/icef/2012/12	seed
2013/s/2013/26	seed
2006/a/c_2/61/sr_9	seed
2008/a/ac_105/917	seed
2002/s/2002/539	seed
2005/e/cn_4/2005/114	seed
2010/cedaw/c/bgd/q/7	seed
2005/a/60/128	seed
2011/a/65/pv_75	seed
2003/a/res/58/111	seed
2006/e/c_19/2006/5	seed
2008/s/2008/65	seed
2009/a/63/822	seed
2006/s/2006/665	seed
2006/a/61/324	seed
2010/a/ac_109/2010/13	seed
2005/cedaw/c/2005/ii/1	seed
2010/e/cn_6/2011/ngo/22	seed
2001/a/c_5/55/sr_10	seed
2013/e/cn_6/2014/ngo/35	seed
2009/a/c_5/63/sr_14	seed
1994/s/1994/566	seed
2003/a/58/351	seed
1999/a/54/539	seed
2010/e/2010/25__supp_	seed
2009/fccc/cp/2009/7	seed
2011/gc_14/1	seed
2012/s/2012/512	seed
2012/a/c_4/66/sr_9	seed
2013/a/res/68/197	seed
2010/s/prst/2010/2	seed
2003/npt/conf_2005/pc_ii/wp_17	seed
2012/ccpr/c/104/d/1829/2008	seed
2005/a/cn_4/549/add_1	seed
2005/e/cn_6/2005/ngo/31	seed
1996/ccpr/c/sr_1507	seed
2003/s/res/1491_2003_	seed
2001/a/res/55/276	seed
1999/a/54/408	seed
2012/a/c_3/67/sr_27	seed
2010/ccpr/c/sr_2753	seed
2009/a/c_3/64/sr_16	seed
2004/journal_no__2004/245	seed
2009/s/2009/552	seed
2014/a/69/6__prog__8_	seed
2002/cedaw/c/2003/i/3/add_1	seed
2012/a/ac_121/2012/l_4	seed
2012/a/hrc/wgad/2011/10	seed
2014/gegn/28/l_1	seed
2012/a/hrc/21/37	seed
2014/a/c_3/69/l_16	seed
2008/npt/conf_2010/pc_ii/wp_28	seed
2011/a/hrc/19/20	seed
2007/a/61/pv_101	seed
2012/a/67/152/add_1	seed
2009/a/cn_4/614/add_1	seed
2003/s/2003/512	seed
2010/aplc/msp_10/2010/wp_13	seed
2006/s/2006/838	seed
1995/a/50/412	seed
1997/e/cn_17/1997/14	seed
2004/a/58/858	seed
2012/ipbes/1/3	seed
2012/e/2012/15	seed
2007/a/c_4/62/sr_2	seed
2006/a/61/667	seed
2007/journal_no_2007/246	seed
2009/cedaw/c/sr_884	seed
2006/e/c_19/2006/9	seed
2006/e/cn_4/sub_2/ac_4/2006/5	seed
2014/isba/20/ltc/12	seed
2007/cedaw/c/2007/iii/3/add_1	seed
2005/cedaw/c/sr_693	seed
2008/s/res/1802_2008_	seed
1999/a/c_2/54/sr_41	seed
2005/e/cn_4/2006/7/add_3	seed
2007/a/c_4/62/sr_9	seed
2005/a/60/224	seed
2003/a/58/223	seed
2009/ccpr/c/sr_2673	seed
2005/a/60/69	seed
1994/a/49/6_prog_35_	seed
2000/idb_23/sr_2	seed
2007/a/62/482	seed
1999/ccpr/c/sr_1754	seed
2001/e/2001/76	seed
2002/a/57/22_supp_	seed
2000/a/c_4/55/6	seed
2005/s/ac_37/2005/_1455_/5	seed
1998/a/c_6/53/sr_12	seed
2007/s/2007/391	seed
2009/ccpr/c/sr_2598	seed
2011/a/res/65/84	seed
2004/npt/conf_2005/pc_iii/22	seed
2001/cd/pv_883	seed
2014/td/b/61/5	seed
1994/s/1994/1449	seed
1995/ccpr/c/sr_1401	seed
2011/iccd/cop_10_/cst/9	seed
2011/td/b/wp/234	seed
2003/s/ac_37/2003/_1455_/81	seed
2005/clcs/48	seed
2012/e/cn_6/2013/ngo/207	seed
2006/a/61/502	seed
2006/e/cn_4/2006/74	seed
2000/a/ac_198/2000/6	seed
2007/s/2007/482	seed
2012/fccc/sbi/2012/22	seed
2008/a/c_4/63/sr_17	seed
2002/a/res/56/144	seed
2005/a/c_4/60/sr_24	seed
2013/unep/pops/poprc_9/7	seed
2012/a/67/359	seed
2007/iccd/cop_8_/cst/2/add_7	seed
2009/a/hrc/10/7	seed
2011/bwc/conf_vii/wp_10	seed
2004/a/58/697	seed
2005/s/2005/842	seed
2012/splos/239	seed
2006/s/2006/1006	seed
2012/a/ac_172/2012/1	seed
2010/a/cn_9/729/add_5	seed
2002/s/res/1410_2002_	seed
2012/td/482	seed
2006/s/2006/560	seed
2009/s/2009/85	seed
2012/a/67/377	seed
2011/a/hrc/wg_2/12/4	seed
2004/s/ac_44/2004/_02_/84	seed
2008/a/cn_4/592/add_1	seed
2006/a/cn_4/566	seed
2003/s/2003/261	seed
2006/a/c_5/61/11	seed
2009/a/64/214	seed
2012/cd/1940	seed
2014/s/res/2153__2014_	seed
2010/e/2012/5	seed
2012/a/c_6/67/sr_8	seed
2002/s/2002/681	seed
2000/e/cn_17/2000/4	seed
2009/a/hrc/wg_6/5/mkd/1	seed
2007/s/2007/392	seed
2003/journal_no__2003/241	seed
2013/cedaw/c/pak/co/4	seed
2009/a/c_5/63/sr_29	seed
1997/a/c_1/52/pv_21	seed
2002/a/cn_9/sr_742	seed
2006/cd/pv_1032	seed
2006/a/c_5/60/sr_50	seed
2011/a/hrc/18/g/3	seed
2006/s/2006/397	seed
2011/journal_no_2011/184	seed
2011/a/res/65/274	seed
2007/bwc/msp/2007/2	seed
2010/a/64/326__part_ii_	seed
2011/a/cn_4/642	seed
2010/e/ac_51/2010/crp_1	seed
1995/s/res/1001_1995_	seed
2012/crc/c/grc/co/2_3	seed
2009/a/conf_211/5	seed
2008/a/63/545	seed
2000/s/2000/423	seed
2008/a/63/385	seed
2009/a/63/648/add_5	seed
2013/a/68/691	seed
2004/a/c_5/59/8	seed
2003/npt/conf_2005/pc_ii/wp_13	seed
2005/e/cn_4/2005/64/add_4	seed
2001/a/55/866	seed
2012/e/2012/50	seed
2002/a/cn_4/526	seed
2006/s/2006/455	seed
1996/a/c_5/51/sr_42	seed
2004/ccpr/c/3/rev_7	seed
2002/e/2002/15/add_3	seed
2000/e/2000/inf/2/add_3	seed
2014/a/c_3/68/sr_52	seed
2013/a/68/307	seed
2011/crc/sp/sr_21	seed
2014/a/c_3/69/sr_51	seed
2001/a/res/55/267	seed
2014/unep/ea_1/4	seed
2011/a/66/621	seed
2009/td/b/inf_216	seed
2012/ccpr/c/106/d/1830/2008	seed
2006/a/c_5/60/sr_40	seed
2009/ccpr/c/ecu/co/5	seed
2014/ced/c/pry/q/1	seed
2005/s/2005/95	seed
2012/e/2012/31	seed
2010/s/ac_44/2007/8	seed
2011/s/ac_52/2011/7	seed
2010/a/65/601	seed
2012/a/hrc/emrip/2012/3	seed
2014/a/hrc/wg_6/20/smr/1	seed
2014/a/hrc/25/52	seed
2014/a/68/352/add_2	seed
1996/a/c_5/50/60	seed
2005/a/res/60/107	seed
2010/a/hrc/14/31	seed
2002/a/res/56/129	seed
2008/e/cn_17/2009/3	seed
2007/unep/chw/oewg/6/16	seed
2012/cerd/c/prt/co/12_14	seed
2014/a/es_10/649	seed
2008/a/hrc/7/g/16	seed
2007/a/62/pv_46	seed
2009/a/c_5/63/sr_47	seed
2004/s/2004/961	seed
2005/a/c_3/60/sr_27	seed
2013/s/ac_49/2013/13	seed
2014/ctoc/cop/2014/4	seed
2002/st/sgb/2002/16	seed
2003/s/2003/702	seed
2005/a/cn_9/sr_798	seed
2009/s/2009/618	seed
2000/cd/pv_850	seed
1995/e/cn_5/1995/1	seed
2000/s/2000/429	seed
2011/a/hrc/16/ni/4	seed
1999/a/c_5/53/sr_64	seed
2004/a/59/418	seed
2011/a/res/64/129	seed
2003/a/58/500	seed
2010/a/c_2/65/sr_13	seed
1995/e/cn_4/1996/1	seed
2010/a/65/314	seed
2003/a/res/58/130	seed
2012/a/66/813	seed
2007/cedaw/c/col/co/6	seed
2003/a/res/57/305	seed
2011/a/66/445/add_2	seed
2008/a/cn_9/664	seed
2006/a/c_6/61/sr_3	seed
2007/a/ac_109/2007/10	seed
2008/a/res/63/242	seed
2013/s/res/2089__2013_	seed
2005/s/2005/392	seed
2007/a/c_5/61/sr_45	seed
2007/pbc/sil/2006/sr_3	seed
2009/a/63/958	seed
2012/a/66/770	seed
2013/dp/2013/46	seed
2006/a/60/846/add_2	seed
2010/npt/conf_2010/wp_7	seed
2014/cd/1996	seed
2010/e/cn_18/2011/14	seed
2014/a/69/432	seed
2011/cat/op/12/4	seed
2003/a/res/57/232	seed
2008/e/cn_7/2008/7	seed
2002/a/57/528	seed
2008/a/hrc/10/42	seed
2008/unep/fao/rc/cop_4/3	seed
2009/a/hrc/12/7	seed
2003/s/2003/1055	seed
2011/e/2012/ngo/25	seed
2008/s/2008/319	seed
2014/a/cn_9/ser_c/abstracts/142	seed
2003/a/58/519	seed
2007/a/hrc/5/20	seed
2001/a/res/54/263	seed
1999/td/b/wp/119	seed
2011/a/res/65/64	seed
2007/cedaw/c/sr_774	seed
2010/e/cn_6/2011/7	seed
1998/a/c_5/52/sr_44	seed
2006/s/2006/307	seed
2011/a/res/64/216	seed
2007/a/hrc/4/g/5	seed
2006/a/c_5/60/sr_30	seed
2005/a/60/451	seed
2009/a/c_6/64/sr_24	seed
1997/a/c_3/52/sr_7	seed
2006/td/b/53/6	seed
1994/journal_no_1994/239	seed
2003/a/res/58/93	seed
2002/a/res/56/132	seed
2005/s/2005/384	seed
2005/ccpr/c/sr_2262	seed
2012/a/67/99	seed
2013/a/res/68/177	seed
2003/a/res/57/202	seed
2009/cac/cosp/wg_1/2009/3	seed
2003/a/es_10/225	seed
2010/a/64/553/add_1	seed
2003/iccd/cric_2_/3	seed
1995/s/res/1020_1995_	seed
2004/a/cn_9/ser_c/digest/cisg/25	seed
2010/td/b/c_ii/9	seed
2009/bwc/msp/2009/5	seed
2008/a/63/252	seed
2009/s/2009/289	seed
2012/td/487	seed
2014/ctoc/cop/wg_6/2014/2	seed
2009/a/hrc/10/3	seed
2007/s/2007/776	seed
2008/a/hrc/8/49	seed
2008/unep/gc_25/14	seed
2007/a/61/971	seed
2013/e/cn_6/2014/ngo/73	seed
1999/e/cn_7/2000/3	seed
2005/npt/conf_2005/wp_40	seed
2003/e/cn_4/2003/81	seed
2006/a/61/515	seed
2008/a/63/396	seed
2002/s/2002/1096	seed
2003/a/58/414	seed
2008/cedaw/c/bdi/co/4	seed
2006/e/c_19/2006/6/add_14	seed
2003/e/cn_4/2003/83/add_1	seed
2013/a/68/215	seed
2000/e/cn_4/2000/44	seed
2003/fccc/sbi/2003/7	seed
2001/a/56/pv_84	seed
2012/a/67/266	seed
2010/a/65/37_supp_	seed
1996/a/c_4/50/sr_25	seed
2006/s/2006/342	seed
1995/a/50/663	seed
2002/a/cn_4/526/add_1	seed
2011/a/66/186	seed
2012/a/c_4/67/sr_5	seed
2010/a/c_4/65/sr_7	seed
2000/hri/core/1/add_90/rev_1	seed
2008/a/cn_9/sr_868	seed
2013/a/68/99/add_1	seed
2002/s/2002/493	seed
2011/td/b/58/2	seed
2006/dp/2007/14	seed
2003/a/c_6/58/sr_7	seed
2013/a/hrc/wgad/2012/58	seed
2004/a/59/486	seed
2002/a/57/63	seed
2012/a/res/66/117	seed
2006/a/61/383	seed
2001/journal_no_2001/120__part_i_	seed
2006/cedaw/c/sur/q/3/add_1	seed
2014/ccpr/c/110/d/2102/2011	seed
2005/idb_30/sr_1	seed
2012/a/c_6/67/sr_1	seed
2006/dp/2006/28	seed
2014/e/cn_15/2014/3	seed
2008/fccc/cp/2008/1/add_1	seed
2012/a/hrc/19/57/add_1	seed
2005/e/cn_4/2005/68	seed
2008/td/437	seed
2014/cac/cosp/irg/2014/9	seed
2000/a/c_3/55/sr_24	seed
2005/e/2005/71	seed
2012/e/cn_5/2013/ngo/8	seed
2008/a/c_5/63/sr_9	seed
2013/s/2013/59	seed
2013/e/cn_5/2013/l_5	seed
2010/td/b/c_i/12	seed
2004/e/cn_4/sub_2/ac_4/2004/5	seed
2003/cedaw/c/sr_569	seed
2010/npt/conf_2010/wp_25	seed
2005/s/2005/15/add_24	seed
2006/s/ac_49/2006/34	seed
2009/a/ac_105/951	seed
2009/s/ac_51/2009/4	seed
2009/e/cn_9/2009/4	seed
2011/e/eca/cm/44/3	seed
2013/a/c_2/68/sr_13	seed
2013/s/2013/181	seed
2006/dp/fpa/2007/2	seed
2003/dp/fpa/2004/3/add_1	seed
2002/journal_no__2002/88__part_i_	seed
1999/a/ac_254/8	seed
2011/a/66/131	seed
2004/a/59/150	seed
2007/a/hrc/4/19/add_2	seed
2009/a/cn_9/684	seed
1999/a/c_4/54/sr_6	seed
2014/e/cn_6/2015/ngo/87	seed
1997/a/52/261	seed
2008/pbc/2/oc/sr_6	seed
2004/a/59/132/add_1	seed
2007/a/cn_9/630	seed
2014/s/2014/341	seed
2014/dp/fpa/2014/crp_2	seed
2002/a/c_5/57/32	seed
2009/a/hrc/12/37	seed
2008/a/c_6/63/sr_26	seed
2006/a/c_6/61/sr_23	seed
2010/a/cn_4/627/add_1	seed
1994/a/49/pv_40	seed
2014/td/b/c_i/em_6/2	seed
2010/fccc/kp/cmp/2010/1	seed
2007/a/cn_9/sr_857	seed
2003/a/58/163	seed
2010/npt/conf_2010/34	seed
2013/s/2013/263	seed
2013/a/c_3/67/sr_13	seed
2003/a/57/372/add_1	seed
2014/ccm/conf/2015/pm_1/wp_10	seed
2012/fccc/sbi/2012/30	seed
2009/unep/ipbes/2/3	seed
2007/td/b/com_2/isar/38	seed
2003/e/2003/inf/2/add_1	seed
1995/cd/pv_710	seed
2014/s/ac_49/2014/6	seed
2010/a/c_3/64/sr_44	seed
2006/dp/2007/5	seed
2009/a/63/688	seed
2012/a/conf_217/2/add_1	seed
2011/a/66/7/add_14	seed
2011/e/c_2/2012/2/add_6	seed
2014/e/cn_6/2015/ngo/132	seed
2007/s/2007/567	seed
2013/a/c_2/67/sr_5	seed
2002/a/56/968	seed
2004/s/2004/335	seed
1997/journal_no_1997/176__part_i_	seed
2002/a/res/56/201	seed
2002/a/ac_109/2002/sr_2	seed
2007/s/2007/629	seed
2005/a/c_3/60/sr_9	seed
2011/a/65/743/add_16	seed
2002/a/res/57/14	seed
2007/fccc/sbi/2007/18	seed
2011/a/hrc/dec/16/116	seed
2013/s/2013/446	seed
1998/a/c_6/52/sr_15	seed
2014/aplc/conf/2014/pm_2/4	seed
2011/a/hrc/18/g/4	seed
2001/s/2001/229	seed
2014/a/hrc/wgad/2013/48	seed
2006/a/61/270	seed
2011/a/hrc/18/33/add_4	seed
2007/e/c_16/2007/2	seed
2013/td/b/inf_230	seed
2004/a/conf_203/rpm_2/1	seed
2010/npt/conf_2010/22	seed
2010/s/2010/563	seed
2005/a/c_3/57/sr_22	seed
2000/a/ac_198/2000/9	seed
1998/a/c_6/53/sr_14	seed
2012/a/res/66/101	seed
2005/a/cn_9/sr_810	seed
1996/a/c_5/51/sr_8	seed
2008/idb_34/sr_7	seed
2010/a/res/64/251	seed
2012/ccpr/c/sr_2808	seed
2000/a/ac_198/2000/7	seed
2007/a/res/62/201	seed
1999/dp/1999/11	seed
2010/a/hrc/res/14/13	seed
2007/a/res/62/268	seed
2013/a/ac_172/2013/1	seed
2009/a/res/63/174	seed
1996/s/res/1062_1996_	seed
2010/cat/c/mda/co/2	seed
2011/a/hrc/16/71	seed
2003/e/c_2/2003/2/add_5	seed
2013/a/68/615	seed
2007/unodc/subcom/2007/5	seed
2013/a/68/224	seed
2013/ccpr/c/ago/co/1	seed
2011/cedaw/c/nor/q/8/add_1	seed
2004/a/cn_9/ser_c/digest/cisg/26	seed
2008/a/hrc/9/18	seed
2011/s/2011/643	seed
2013/a/res/67/112	seed
2013/a/68/399	seed
2013/cedaw/c/syc/q/1_5/add_1	seed
1999/a/c_2/54/sr_10	seed
2009/cedaw/c/sr_893__a_	seed
2009/crc/c/opac/tur/co/1	seed
2008/a/c_5/63/sr_10	seed
2005/a/59/2005/add_2	seed
2010/a/ac_183/sr_319	seed
1994/dp/1995/10	seed
1996/a/51/329	seed
2006/a/60/695	seed
2004/a/res/59/124	seed
2007/a/61/1018	seed
2002/a/57/509	seed
2005/dp/2005/17	seed
2013/a/68/295	seed
2007/a/ac_109/2007/sr_7	seed
2014/a/68/750	seed
2008/a/62/641	seed
2011/a/hrc/18/ni/1	seed
2007/a/res/62/202	seed
1996/a/c_5/51/sr_15	seed
2010/cd/pv_1171	seed
2011/a/66/pv_57	seed
2004/a/c_5/59/sr_23	seed
1996/a/50/666/add_7	seed
2008/s/2008/10/add_25	seed
2013/aplc/msp_13/2013/wp_10	seed
2009/a/64/375/add_1	seed
2001/a/res/55/173	seed
2010/e/c_12/dza/co/4	seed
2012/cedaw/c/slb/q/1_3	seed
2007/a/62/319	seed
2006/fccc/sbsta/2006/10	seed
2014/cedaw/c/per/co/7_8	seed
2002/e/cn_4/sub_2/2002/18	seed
2009/a/64/428	seed
2007/cedaw/c/sur/co/3	seed
2013/s/2013/204	seed
2010/a/64/690	seed
1994/s/res/925_1994_	seed
1993/s/res/837_1993_	seed
2014/a/c_5/68/sr_9	seed
2014/a/c_5/69/sr_4	seed
2009/a/64/pv_35	seed
2009/dp/fpa/2010/15	seed
2012/e/cn_6/2013/ngo/75	seed
2010/e/2010/ngo/20	seed
2013/a/res/68/252	seed
2000/a/ac_257/16	seed
2006/e/cn_4/2006/36	seed
1997/a/c_6/52/sr_9	seed
2013/e/2013/44	seed
2010/s/2010/675	cited
2012/fccc/sbi/2012/2	cited
2002/a/res/57/52	cited
1997/a/res/51/211	cited
2001/a/res/55/285	cited
2003/a/res/58/208	cited
2006/a/60/694	cited
2011/a/66/268	cited
2012/a/res/66/217	cited
2008/cedaw/c/2008/ii/4	cited
1998/a/ac_254/5	cited
2008/ctoc/cop/2008/16	cited
1997/a/52/523	cited
2007/a/res/62/101	cited
2007/a/62/288	cited
1996/a/51/674	cited
2004/a/59/264	cited
2004/a/c_5/59/4	cited
2005/s/2005/673	cited
2011/s/res/2005_2011_	cited
2009/s/res/1880_2009_	cited
2005/a/60/318	cited
2004/a/59/489	cited
2007/a/62/537	cited
2009/s/res/1904_2009_	cited
2004/a/59/481	cited
2006/a/61/61/add_1	cited
2013/a/res/66/296	cited
2010/e/c_16/2010/3	cited
2007/a/res/62/153	cited
2004/a/res/59/267	cited
2003/a/res/58/134	cited
2004/a/58/765	cited
2011/a/res/64/47	cited
1996/a/50/965	cited
2010/s/2010/550	cited
2014/a/69/447	cited
2005/a/60/568	cited
2003/a/es_10/224	cited
2011/a/66/116	cited
2012/a/hrc/wgad/2011/7	cited
2000/a/ac_109/2000/30	cited
2011/s/res/2002_2011_	cited
1996/e/ac_51/1996/4	cited
2009/a/res/63/270	cited
2014/isba/20/c/7	cited
2014/a/c_4/69/l_16	cited
2009/bwc/msp/2009/4	cited
2006/a/c_6/61/sr_8	cited
1996/a/50/983	cited
2012/a/67/150	cited
2012/a/hrc/wgad/2011/23	cited
2014/unep/ea_1/4/add_1	cited
2006/a/61/605	cited
1993/s/26060	cited
2008/a/hrc/7/46	cited
2005/a/res/60/203	cited
2005/a/60/87	cited
2014/a/c_3/69/l_34	cited
2009/a/63/950	cited
2008/a/63/94	cited
2009/a/64/67	cited
2005/a/60/89	cited
2012/a/hrc/wgad/2011/11	cited
2003/a/res/58/113	cited
2011/a/res/64/203	cited
2006/a/res/61/177	cited
2004/e/2004/82	cited
2010/a/64/819	cited
2007/a/61/823	cited
1994/s/1994/1002	cited
2009/a/hrc/10/62	cited
2012/a/hrc/wgad/2011/21	cited
2006/s/2006/730	cited
2004/a/res/59/265	cited
2014/s/2014/258	cited
2003/a/c_6/58/sr_13	cited
2003/a/58/593	cited
2012/a/hrc/ac/9/2	cited
1995/s/1995/881	cited
2012/a/hrc/19/51	cited
2014/a/69/442	cited
2003/e/c_19/2003/3	cited
2009/a/63/837	cited
2007/a/62/205	cited
2007/a/res/62/156	cited
2008/e/cn_17/2009/4	cited
2001/s/2001/622	cited
2012/a/hrc/wgad/2011/6	cited
1995/s/res/1031_1995_	cited
2003/a/58/50/rev_1	cited
2008/a/63/435/add_1	cited
2002/a/57/352	cited
2012/a/hrc/wgad/2011/39	cited
2013/a/res/68/48	cited
2012/a/hrc/wgad/2011/14	cited
2006/cedaw/c/nam/q/3	cited
2012/a/res/66/180	cited
2005/a/60/548	cited
2013/a/hrc/23/56/add_1	cited
2002/a/c_4/57/sr_5	cited
2006/a/61/50	cited
2005/a/60/552	cited
2012/e/2012/47	cited
2012/a/hrc/wgad/2011/25	cited
2002/a/res/57/324	cited
2007/a/62/65	cited
2007/a/62/595	cited
2011/a/res/64/148	cited
2005/a/res/60/269	cited
2013/s/prst/2013/9	cited
2003/a/c_6/58/sr_1	cited
2011/a/hrc/ac/7/2	cited
2006/a/res/61/276	cited
2007/a/res/62/236	cited
2014/a/res/68/247	cited
2004/a/res/59/293	cited
2008/a/63/214	cited
2004/a/59/468	cited
2005/a/res/60/230	cited
2011/a/67/310	cited
2006/a/c_4/60/sr_26	cited
2003/e/c_2/2003/3	cited
2008/a/63/140/add_1	cited
2004/s/res/1526_2004_	cited
2007/cedaw/c/per/co/6	cited
2011/a/res/64/269	cited
2010/fccc/kp/awg/2010/15	cited
2010/e/cn_17/2010/12	cited
1994/a/c_5/49/32	cited
2003/e/cn_5/2004/1	cited
2006/a/61/531	cited
2012/a/67/344	cited
2004/a/59/208	cited
2012/a/hrc/wgad/2011/44	cited
2011/a/res/60/124	cited
2013/a/res/67/248	cited
2002/isba/8/a/7/rev_1	cited
2010/e/2011/6	cited
2013/e/c_16/2013/2	cited
2014/a/c_3/69/l_28/rev_1	cited
2004/a/59/152	cited
2010/e/cn_9/2010/8	cited
2003/a/res/58/36	cited
2006/a/res/61/221	cited
2004/a/59/478	cited
2014/npt/conf_2015/pc_iii/wp_46	cited
2012/a/67/229	cited
2003/a/res/57/48	cited
2011/a/66/118	cited
2009/npt/conf_2010/pc_iii/wp_28	cited
2007/a/res/62/225	cited
2013/a/68/130	cited
2010/a/65/330	cited
2007/splos/167	cited
2004/dp/fpa/2005/1	cited
2008/a/62/875	cited
2009/bwc/msp/2009/3	cited
2005/a/res/60/22	cited
2005/s/2005/575	cited
2010/s/res/1910_2010_	cited
2013/a/res/67/221	cited
2010/a/c_2/64/sr_42	cited
2012/a/hrc/wgad/2011/18	cited
2014/a/69/387	cited
2002/a/res/56/140	cited
2007/e/cn_3/2008/6	cited
2005/a/60/302	cited
2009/s/2009/592	cited
1995/s/1995/678	cited
2004/s/2004/20/add_12	cited
2011/s/res/2026_2011_	cited
2014/a/c_2/69/l_39	cited
2003/a/res/57/142	cited
2014/a/c_3/69/l_19/rev_1	cited
2011/a/res/65/230	cited
2001/a/res/55/231	cited
2010/a/res/63/227	cited
2006/a/res/61/236	cited
2014/a/69/285	cited
2005/a/c_3/59/sr_26	cited
2013/a/res/67/287	cited
2014/a/c_3/69/sr_44	cited
2014/a/69/339	cited
2008/a/63/175	cited
2010/a/res/64/109	cited
1998/a/res/53/1	cited
2007/s/res/1792_2007_	cited
2006/e/cn_17/2007/2	cited
2013/a/68/495	cited
2010/crc/c/58/rev_2	cited
2007/s/2007/10	cited
2014/aplc/conf/2014/pm_2/2	cited
2011/a/65/885	cited
2003/a/c_5/58/18	cited
2009/a/63/514/add_1	cited
2008/e/cn_17/2009/6	cited
2014/a/res/68/156	cited
2008/dp/fpa/2009/1	cited
2013/a/68/183	cited
1994/a/c_5/49/13	cited
2012/a/hrc/wgad/2011/40	cited
2004/s/res/1545_2004_	cited
2003/s/res/1511_2003_	cited
2013/a/67/780/add_4	cited
2007/a/res/62/68	cited
2006/e/cn_17/2007/6	cited
1998/a/53/315	cited
2012/a/res/66/240	cited
2008/a/res/63/14	cited
2005/a/59/736/add_10	cited
2010/a/65/619	cited
1999/s/res/1265_1999_	cited
2004/s/2004/20/add_4	cited
2013/a/hrc/23/32	cited
2009/a/64/159	cited
2003/a/res/58/35	cited
2005/a/60/403	cited
2005/a/60/601	cited
2002/a/c_4/57/sr_4	cited
2000/a/55/182	cited
2004/a/res/59/250	cited
2004/a/59/221	cited
2001/s/res/1364_2001_	cited
2003/a/res/58/149	cited
2007/s/2007/147	cited
1996/a/51/150	cited
2012/e/icef/2012/10	cited
2002/a/res/56/69	cited
2009/e/2009/15	cited
2005/a/60/227	cited
2005/a/60/157	cited
2008/a/63/582	cited
2012/a/hrc/wgad/2011/33	cited
2001/a/res/55/112	cited
2011/a/res/64/175	cited
2012/s/2012/887	cited
2011/a/res/64/237	cited
1997/a/res/52/164	cited
2009/e/2010/100	cited
2000/s/2000/363	cited
2010/cedaw/c/bhs/q/4/add_1	cited
2014/a/hrc/25/25	cited
2004/s/res/1575_2004_	cited
2008/a/hrc/7/16/add_2	cited
2008/a/63/179	cited
1996/a/51/305	cited
2012/a/hrc/19/74	cited
1996/s/1996/704	cited
2001/s/res/1355_2001_	cited
